{
  "scaler_type": "StandardScaler",
  "num_features": 284,
  "mean": [
    -0.006055435887896826,
    -0.0574845398520172,
    -0.014487786832242064,
    -0.44243891682486775,
    143.87192174066953,
    -0.40093286860119043,
    0.029763609549007936,
    0.13920222457602513,
    -0.004143128670205026,
    0.2715835424284722,
    -0.9599999789999996,
    140.8746661321541,
    -1.1799999480000003,
    84562.21860927645,
    100779121728.17537,
    -1.6007591806886903,
    3.0849504758944444,
    -34.19075732765645,
    -0.11452996217929894,
    -0.19000929838597883,
    0.7555438339162037,
    0.8900142615376984,
    33.821503005,
    2.960639990702315,
    -38.21494090964749,
    -0.028644581147387563,
    -0.0757273962684193,
    0.8519758853219577,
    0.4214680053570436,
    0.4991349309267858,
    3.4031119050873344,
    0.8249204060374008,
    0.876384927981217,
    -30.701871888160053,
    3.5931063843196758,
    -38.37484232561773,
    0.014543005209027777,
    -0.0752034309316799,
    0.83371759398793,
    0.41253533866154096,
    0.4763945488807871,
    3.2298356885864417,
    0.8572172111534061,
    0.8566549168250662,
    59.15500389769276,
    10.989175951354664,
    18.538704450115873,
    -4.387539268991568,
    -1.6838073710508268,
    -78.69094337339186,
    -0.4964653698551257,
    143.47958130375255,
    -0.46230907043888886,
    59.01028294580483,
    9.677512385445372,
    22.1354556717876,
    -4.354849680928142,
    0.8514243913819776,
    -77.16510346729478,
    -0.4295681742355159,
    143.4865912184919,
    -0.46231251343991403,
    59.095740835399475,
    10.252542483294409,
    20.492346639724307,
    -8.513931280900001,
    -15.116251292510812,
    -73.46245252621515,
    -0.45122013838458996,
    143.2811437781302,
    -0.4671134547350529,
    1.7903350297618445e-05,
    -1.3737203141534321e-05,
    -5.518891448412769e-05,
    -3.8283611044973916e-05,
    0.007520062917658722,
    4.820529695767275e-05,
    8.611562962963e-06,
    4.223994656084664e-05,
    -1.4540375000000064e-06,
    -3.005212175925873e-05,
    0.0,
    0.007605819978174618,
    0.0,
    5.636538800595239,
    204160.9728174603,
    2.2835067129634775e-05,
    -0.00018512201898147998,
    0.0011883275218253974,
    -3.5904063525132204e-05,
    -3.2675144312169434e-05,
    -6.570844632936531e-05,
    -3.306878306878298e-05,
    0.00015515996891534396,
    -0.0003163206766534399,
    -0.00020271694841269913,
    -4.999389550262754e-07,
    -7.08108465615552e-09,
    -3.2825091534391285e-05,
    -5.511612549603172e-05,
    -4.7090158432539885e-05,
    -0.00013212354513888889,
    -2.1293960128392552e-19,
    -3.306878306878316e-05,
    -5.605018121693131e-05,
    0.00045784589470899506,
    -0.0011100106517857138,
    -4.522434623015779e-06,
    8.149121693121226e-07,
    -3.2478270271164135e-05,
    -4.838164246031752e-05,
    -5.16004197420633e-05,
    -0.00012669283247354542,
    -6.424901762877063e-20,
    -3.306878306878319e-05,
    -0.0007049317440476435,
    0.004611352268187897,
    -0.0009521948597882832,
    -3.3291974206094355e-07,
    -2.9339342658729792e-05,
    0.002977606371362446,
    4.549197463624109e-05,
    0.007453592227182533,
    -5.11566276785714e-05,
    -0.00071749163690476,
    0.00460695873908732,
    -0.0009834958971560621,
    4.6837315906085164e-05,
    -0.00026279422321427975,
    0.0029852771253307078,
    6.0715177777776526e-05,
    0.007459807096891525,
    -4.2735557473544916e-05,
    -0.0007011595813491892,
    0.00464298243253966,
    -0.0009308105882936496,
    -0.0011434713051917968,
    -0.004629223982936533,
    0.00496926343816137,
    -4.555378968247291e-07,
    0.00740313442956348,
    4.738941468254871e-06,
    -0.006091721960795166,
    0.4680405401202833,
    -0.05747389701449652,
    0.1601631308870898,
    -0.01441777438544342,
    0.5266059302047349,
    -0.4423583154998589,
    0.7337659670253049,
    143.85692199766447,
    1.2263551659333196,
    -0.40099613017812663,
    0.7185776689802853,
    0.02975583267187905,
    0.08936381938425518,
    0.13912098377721924,
    0.420679460472039,
    -0.004139733310478941,
    0.06592766304902592,
    0.2716236961672382,
    0.4097844152211421,
    -0.9599999789999996,
    0.0,
    140.8595044890484,
    1.1207338257766748,
    -1.1799999480000003,
    0.0,
    84550.9546769379,
    415.5981611627828,
    100778716103.52069,
    433566404.13939035,
    -1.601229689866221,
    7.958014488673128,
    3.0852992042165774,
    0.7378013498827075,
    -34.19319919959814,
    3.055626639455063,
    -0.11445665280129022,
    0.1312579830215133,
    -0.18994729209736025,
    0.10219845116134824,
    0.7556746881084396,
    0.1582987661564038,
    0.8900803991038468,
    0.0784999360389886,
    33.82120258923087,
    0.6775379816846537,
    2.9612648155805013,
    0.44840787893001127,
    -38.21455327448342,
    0.7839664208412859,
    -0.028642088463106924,
    0.09127810721634373,
    -0.07573073950973543,
    0.059498018212749214,
    0.8520410340165118,
    0.09026926229811258,
    0.4215776743850827,
    0.0843868448673555,
    0.49923007667656527,
    0.07175365659537067,
    3.4033810852621245,
    0.5072022585079389,
    0.8249204060374081,
    0.09930065439453664,
    0.8764510655473656,
    0.08929599220466773,
    -30.701750537352833,
    0.665212848378613,
    3.5921873821978445,
    0.39350462682319504,
    -38.372631848043646,
    0.7144352245369869,
    0.014552560124881415,
    0.08775947774116262,
    -0.07520815250791299,
    0.05742514828760015,
    0.8337820520577844,
    0.08428780463040603,
    0.4126316676055087,
    0.07530606996096276,
    0.47649845892621423,
    0.06340943036791108,
    3.2300924502432276,
    0.47507904618213387,
    0.8572172111534152,
    0.08948312350800647,
    0.8567210543912144,
    0.08298288129751182,
    59.155711173914646,
    11.98704207417976,
    10.981071746359945,
    52.72123724339426,
    18.542269203184922,
    47.42303666820446,
    -4.3877319690065635,
    3.4558574332333505,
    -1.6836593907589033,
    5.372381871263387,
    -78.69692424242005,
    8.158277067543805,
    -0.49654057267021257,
    1.455691087685734,
    143.4646262049244,
    1.5762745175821946,
    -0.4622503792056522,
    1.681578062701499,
    59.010999078677614,
    12.04426876471695,
    9.669929494298215,
    52.937670626917885,
    22.13868155577007,
    46.800746937653486,
    -4.355121658207199,
    3.3341218184728003,
    0.8519841180114622,
    5.161404932017262,
    -77.17111084052574,
    7.599994696212448,
    -0.4296650198152153,
    1.4501801219601498,
    143.47162850260779,
    1.5650261205347358,
    -0.4622706503206983,
    1.6705251086242223,
    59.09639522334795,
    12.013165375546288,
    10.24446882006315,
    52.681087347850216,
    20.49596627308926,
    47.14928474789686,
    -8.511837054495562,
    4.5231057625994,
    -15.106901678058692,
    12.79629803295932,
    -73.4724251479699,
    11.911121091745873,
    -0.4512266724665443,
    1.5134592586836622,
    143.26627959399318,
    1.6080558227665491,
    -0.4671400214036796,
    1.7296630446256271
  ],