{
  "mean": [
    -30.701871888160053,
    -1.6007591806886903,
    84562.21860927645,
    33.821503005,
    3.4031119050873344,
    22.1354556717876,
    -0.004143128670205026,
    2.960639990702315,
    59.01028294580483,
    0.8519758853219577,
    0.4214680053570436,
    -38.21494090964749,
    59.15500389769276,
    0.2715835424284722,
    140.8746661321541,
    0.876384927981217,
    0.4763945488807871,
    -0.028644581147387563,
    -0.4671134547350529,
    0.13920222457602513
  ],
  "scale": [
    2.457899053246765,
    12.197486271932778,
    34723.94255103675,
    3.4566327519390163,
    1.4049792853265222,
    65.75147214141666,
    0.10125604945039123,
    5.278117593293477,
    17.843055731873065,
    0.22765921570988576,
    0.21800512956949056,
    7.015109542156202,
    17.751190473094546,
    0.550409768390897,
    90.97298705524847,
    0.2320802787021933,
    0.21506509622502745,
    0.11663189483814337,
    2.2501653289452372,
    0.6235863798526295
  ],
  "feature_names": [
    "Right_Origin_X",
    "Combine_Origin_X",
    "EyeFrames",
    "Left_Origin_X",
    "Left_Diameter",
    "Right_HMD2TargAng_Z",
    "HMDRot_Z",
    "Left_Origin_Y",
    "Right_HMD2TargAng_X",
    "Left_GazeDir_Z",
    "Left_PupilSensor_X",
    "Left_Origin_Z",
    "Left_HMD2TargAng_X",
    "HMDRot_W",
    "GazeTarget_Y",
    "Left_Validity",
    "Right_PupilSensor_Y",
    "Left_GazeDir_X",
    "Combine_GazePoint_Z",
    "HMDRot_Y"
  ]
}